domain_word	pronunciation
Searcher    S ER1 CH ER0
Medic    M EH1 D IH0 K
Engineer    EH1 N JH AH0 N IH1 R
Room    R UW1 M
Door    D AO1 R
Building    B IH1 L D IH0 NG
Window    W IH1 N D OW0
Floor    F L AO1 R
Ceiling    S IY1 L IH0 NG
Rubble    R AH1 B AH0 L
BuildingCollapse    B IH1 L D IH0 NG K AH0 L AE1 P S
Move    M UW1 V
Open    OW1 P AH0 N
Close    K L OW1 S
Push    P UH1 SH
Jump    JH AH1 M P
Communicate    K AH0 M Y UW1 N AH0 K EY2 T
Continue    K AH0 N T IH1 N Y UW0
Save    S EY1 V
Sight    S AY1 T
Question    K W EH1 S CH AH0 N
Commit    K AH0 M IH1 T
Clear    K L IH1 R
Role    R OW1 L
Search    S ER1 CH
Precedence    P R EH1 S AH0 D AH0 N S
Victim    V IH1 K T IH0 M
Friend    F R EH1 N D
Player    P L EY1 ER0
Sign    S AY1 N
Clock    K L AA1 K
Hammer    HH AE1 M ER0
MedKit    M EH1 D K IH1 T
Stretcher    S T R EH1 CH ER0
Map    M AE1 P
Critical    K R IH1 T IH0 K AH0 L
Zone    Z OW1 N